{"cameraMode":{"drawMode":0,"name":"Shaded","section":"Shading Mode"},"sceneLighting":true,"audioPlay":false,"sceneViewState":{"showFog":true,"showMaterialUpdate":true,"showSkybox":false,"showFlares":true,"showImageEffects":true,"showParticleSystems":true},"in2DMode":false,"pivot":{"x":21.77017593383789,"y":1.1248610019683838,"z":42.85284423828125},"rotation":{"x":-0.025045743212103845,"y":-0.9745442867279053,"z":0.171302929520607,"w":-0.14248131215572358},"size":9.749691009521485,"orthographic":false}