{"cameraMode":{"drawMode":0,"name":"Shaded","section":"Shading Mode"},"sceneLighting":true,"audioPlay":false,"sceneViewState":{"showFog":true,"showMaterialUpdate":true,"showSkybox":false,"showFlares":true,"showImageEffects":true,"showParticleSystems":true},"in2DMode":false,"pivot":{"x":21.77017593383789,"y":1.1248610019683838,"z":42.85284423828125},"rotation":{"x":-0.0004440746270120144,"y":-0.9890425205230713,"z":0.002966943895444274,"w":-0.14763304591178895},"size":28.751741409301759,"orthographic":false}