{"cameraMode":{"drawMode":0,"name":"Shaded","section":"Shading Mode"},"sceneLighting":true,"audioPlay":false,"sceneViewState":{"showFog":true,"showMaterialUpdate":true,"showSkybox":true,"showFlares":true,"showImageEffects":true,"showParticleSystems":true},"in2DMode":false,"pivot":{"x":3.4496283531188967,"y":0.24655508995056153,"z":3.7338554859161379},"rotation":{"x":0.09102607518434525,"y":0.19735600054264069,"z":-0.018397511914372445,"w":0.9759297370910645},"size":9.91287899017334,"orthographic":false}