{"cameraMode":{"drawMode":0,"name":"Shaded","section":"Shading Mode"},"sceneLighting":true,"audioPlay":false,"sceneViewState":{"showFog":true,"showMaterialUpdate":true,"showSkybox":true,"showFlares":true,"showImageEffects":true,"showParticleSystems":true},"in2DMode":false,"pivot":{"x":1087.3321533203125,"y":719.5670776367188,"z":603.7149047851563},"rotation":{"x":-0.012305088341236115,"y":0.02609199658036232,"z":-0.0003211802104488015,"w":-0.9995855093002319},"size":731.6626586914063,"orthographic":false}