{"cameraMode":{"drawMode":0,"name":"Shaded","section":"Shading Mode"},"sceneLighting":true,"audioPlay":false,"sceneViewState":{"showFog":true,"showMaterialUpdate":true,"showSkybox":true,"showFlares":true,"showImageEffects":true,"showParticleSystems":true},"in2DMode":false,"pivot":{"x":-1.5317702293395997,"y":-1.041569709777832,"z":-23.385271072387697},"rotation":{"x":-0.00011330964480293915,"y":0.9989902973175049,"z":-0.04498501121997833,"w":-0.002733169822022319},"size":14.23901081085205,"orthographic":false}